Latitude and Longitude,Class of Land,vh,vv
"(10.323727047081501, 105.2516346045924)",Rice,0.0653388574719429,0.13755947351455688
"(10.322364360592521, 105.27843410554115)",Rice,0.029045065864920616,0.10321031510829926
"(10.321455902933202, 105.25254306225168)",Rice,0.05654701218008995,0.27927178144454956
"(10.324181275911162, 105.25118037576274)",Rice,0.035069700330495834,0.154607355594635
"(10.324635504740822, 105.27389181724476)",Rice,0.04190303012728691,0.19119848310947418
"(10.323727047081501, 105.28070524968936)",Rice,0.13378584384918213,0.16840165853500366
"(10.325089733570481, 105.23937042619212)",Rice,0.013499334454536438,0.05286579951643944
"(10.324181275911162, 105.25390574874059)",Rice,0.036314766854047775,0.07965078949928284
"(10.321001674103542, 105.24436694331814)",Rice,0.05174638703465462,0.27324455976486206
"(10.321001674103542, 105.2416415703403)",Rice,0.0367438867688179,0.1293366700410843
"(10.324635504740822, 105.25572266405916",Rice,0.05947813764214516,0.06521720439195633
"(10.321001674103542, 105.2334654514068)",Rice,0.03318176418542862,0.1366703361272812
"(10.32327281825184, 105.26753261362978)",Rice,0.05612405389547348,0.19292326271533966
"(10.324181275911162, 105.28115947851899)",Rice,0.0835992619395256,0.16250774264335632
"(10.321001674103542, 105.2598107235259)",Rice,0.019799163565039635,0.07933568954467773
"(10.32327281825184, 105.24073311268103)",Rice,0.04553984850645065,0.32492920756340027
"(10.324635504740822, 105.27843410554115)",Rice,0.020103788003325462,0.11315435916185379
"(10.324181275911162, 105.2348281378957)",Rice,0.0434398390352726,0.07370854169130325
"(10.321455902933202, 105.23301122257715)",Rice,0.0367189422249794,0.035414643585681915
"(10.323727047081501, 105.26026495235556)",Rice,0.014492400921881199,0.09830117970705032
"(10.325089733570481, 105.28025102085971)",Rice,0.09398424625396729,0.15488353371620178
"(10.32009321644422, 105.23210276491787)",Rice,0.04109993949532509,0.07076635211706161
"(10.322364360592521, 105.27797987671151)",Rice,0.024540254846215248,0.052236977964639664
"(10.32327281825184, 105.27752564788187)",Rice,0.015419811010360718,0.12229582667350769
"(10.324635504740822, 105.2652614694816)",Rice,0.06867088377475739,0.3785119652748108
"(10.320547445273881, 105.2266520189622)",Rice,0.027385421097278595,0.12152214348316193
"(10.323727047081501, 105.2652614694816)",Rice,0.05265476554632187,0.312404066324234
"(10.325089733570481, 105.23528236672536)",Rice,0.03429862856864929,0.04328317567706108
"(10.324635504740822, 105.26798684245944)",Rice,0.03590764105319977,0.14194369316101074
"(10.32281858942218, 105.26435301182232)",Rice,0.008376793004572392,0.22885842621326447
"(10.325089733570481, 105.26344455416304)",Rice,0.05152171105146408,0.39961060881614685
"(10.323727047081501, 105.24572962980707)",Rice,0.043637849390506744,0.14065104722976685
"(10.324635504740822, 105.2334654514068)",Rice,0.03623662889003754,0.09444336593151093
"(10.325089733570481, 105.23164853608824)",Rice,0.03171034902334213,0.19732128083705902
"(10.32327281825184, 105.26571569831123)",Rice,0.045085784047842026,0.22078530490398407
"(10.31963898761456, 105.23074007842897)",Rice,0.018830467015504837,0.20393215119838715
"(10.320547445273881, 105.22983162076967)",Rice,0.021021738648414612,0.12487293034791946
"(10.32281858942218, 105.28115947851899)",Rice,0.036242153495550156,0.2793906331062317
"(10.321910131762861, 105.23028584959931)",Rice,0.03867766261100769,0.19679120182991028
"(10.324181275911162, 105.26071918118518)",Rice,0.017942216247320175,0.18931889533996582
"(10.325089733570481, 105.26026495235556)",Rice,0.026083210483193398,0.11283056437969208
"(10.325089733570481, 105.2448211721478)",Rice,0.1126076802611351,0.1880633682012558
"(10.324181275911162, 105.24300425682924)",Rice,0.04101276770234108,0.14728161692619324
"(10.32281858942218, 105.27570873256332)",Rice,0.010713825933635235,0.15821751952171326
"(10.323727047081501, 105.28252216500792)",Rice,0.04860202968120575,0.10982093214988708
"(10.31963898761456, 105.23937042619212)",Rice,0.06664473563432693,0.22468560934066772
"(10.32281858942218, 105.28161370734864)",Rice,0.021223580464720726,0.15331000089645386
"(10.324635504740822, 105.28161370734864)",Rice,0.11963767558336258,0.14293426275253296
"(10.32327281825184, 105.26117341001483)",Rice,0.04279259219765663,0.06338434666395187
"(10.32327281825184, 105.2788883343708)",Rice,0.049762457609176636,0.1550314873456955
"(10.324181275911162, 105.2516346045924)",Rice,0.06510300189256668,0.2744290232658386
"(10.323727047081501, 105.23982465502175)",Rice,0.06575100123882294,0.1935998648405075
"(10.31963898761456, 105.23028584959931)",Rice,0.03980414196848869,0.17804260551929474
"(10.32327281825184, 105.28706445330431)",Rice,0.009840836748480797,0.017847850918769836
"(10.324181275911162, 105.27752564788187)",Rice,0.021222418174147606,0.27436232566833496
"(10.323727047081501, 105.26480724065195)",Rice,0.024401068687438965,0.24415475130081177
"(10.321910131762861, 105.2266520189622)",Rice,0.06772337853908539,0.5486597418785095
"(10.324181275911162, 105.25072614693312)",Rice,0.013169816695153713,0.14868631958961487
"(10.32327281825184, 105.27071221543727)",Rice,0.04947366565465927,0.2004828006029129
"(10.325089733570481, 105.25890226586662)",Rice,0.053913626819849014,0.17065946757793427
"(10.321455902933202, 105.25208883342202)",Rice,0.021053258329629898,0.13001517951488495
"(10.324635504740822, 105.26162763884446)",Rice,0.014615505933761597,0.16605280339717865
"(10.325089733570481, 105.28751868213396)",Rice,0.009636959061026573,0.05536089837551117
"(10.32009321644422, 105.24845500278491)",Rice,0.019560515880584717,0.04393639788031578
"(10.324181275911162, 105.23982465502175)",Rice,0.016092659905552864,0.17915594577789307
"(10.31963898761456, 105.23891619736247)",Rice,0.08430855721235275,0.19880400598049164
"(10.325089733570481, 105.26389878299267)",Rice,0.017056316137313843,0.10563347488641739
"(10.321455902933202, 105.26117341001483)",Rice,0.007162217516452074,0.050707798451185226
"(10.319184758784901, 105.22710624779182)",Rice,0.05009754002094269,0.13250809907913208
"(10.321001674103542, 105.25254306225168)",Rice,0.07057705521583557,0.2812618911266327
"(10.321455902933202, 105.23164853608824)",Rice,0.031205976381897926,0.1193508505821228
"(10.324181275911162, 105.24936346044419)",Rice,0.018790531903505325,0.09377942979335785
"(10.324181275911162, 105.27979679203008)",Rice,0.050298191606998444,0.1328389048576355
"(10.324181275911162, 105.2598107235259)",Rice,0.02390580251812935,0.08451738953590393
"(10.324181275911162, 105.28706445330431)",Rice,0.004566802643239498,0.009348983876407146
"(10.32281858942218, 105.27934256320043)",Rice,0.04308056831359863,0.3444323241710663
"(10.320547445273881, 105.22710624779182)",Rice,0.028726665303111076,0.054899632930755615
"(10.32327281825184, 105.26162763884446)",Rice,0.02257588878273964,0.08299648016691208
"(10.324635504740822, 105.25208883342202)",Rice,0.05283915996551514,0.12304898351430893
"(10.321001674103542, 105.25027191810346)",Rice,0.023979397490620613,0.10354682058095932
"(10.318730529955241, 105.22756047662148)",Rice,0.040774401277303696,0.2931012809276581
"(10.31963898761456, 105.23255699374752)",Rice,0.038787905126810074,0.3275018036365509
"(10.323727047081501, 105.23800773970319)",Rice,0.022433863952755928,0.08256901055574417
"(10.323727047081501, 105.27797987671151)",Rice,0.03504858911037445,0.09188294410705566
"(10.323727047081501, 105.26844107128906)",Rice,0.0793699249625206,0.2072608321905136
"(10.31963898761456, 105.2416415703403)",Rice,0.033635444939136505,0.1378898322582245
"(10.32327281825184, 105.25663112171844)",Rice,0.07336000353097916,0.1087019294500351
"(10.32327281825184, 105.27979679203008)",Rice,0.028519775718450546,0.12754178047180176
"(10.323727047081501, 105.28888136862287)",Rice,0.006528084632009268,0.11334802210330963
"(10.324635504740822, 105.26344455416304)",Rice,0.023720383644104004,0.058629974722862244
"(10.324181275911162, 105.26208186767411)",Rice,0.032990384846925735,0.13614912331104279
"(10.319184758784901, 105.23573659555498)",Rice,0.05678680166602135,0.10686585307121277
"(10.320547445273881, 105.25435997757023)",Rice,0.03445250913500786,0.2514200210571289
"(10.31963898761456, 105.24255002799958)",Rice,0.04580066725611687,0.32079681754112244
"(10.320547445273881, 105.23619082438464)",Rice,0.10443650186061859,0.27868786454200745
"(10.324181275911162, 105.23709928204391)",Rice,0.04194719344377518,0.10785645991563797
"(10.324635504740822, 105.26026495235556)",Rice,0.0177979227155447,0.08509696274995804
"(10.32009321644422, 105.23846196853285)",Rice,0.06172262504696846,0.28840887546539307
"(10.325089733570481, 105.25617689288879)",Rice,0.06088278815150261,0.19595667719841003
"(10.321455902933202, 105.23074007842897)",Rice,0.015989914536476135,0.08542470633983612
"(10.325089733570481, 105.26071918118518)",Rice,0.05274955555796623,0.3663440942764282
"(10.323727047081501, 105.24073311268103)",Rice,0.04559985548257828,0.317494660615921
"(10.323727047081501, 105.24345848565886)",Rice,0.02203468605875969,0.1035025492310524
"(10.325089733570481, 105.27979679203008)",Rice,0.018145550042390823,0.1530260592699051
"(10.323727047081501, 105.27752564788187)",Rice,0.09053145349025726,0.21187357604503632
"(10.318276301125582, 105.22619779013255)",Rice,0.06000697612762451,0.09283813834190369
"(10.321455902933202, 105.22710624779182)",Rice,0.026023423299193382,0.12840239703655243
"(10.325089733570481, 105.2666241559705)",Rice,0.016842646524310112,0.17023751139640808
"(10.321001674103542, 105.26026495235556)",Rice,0.018330205231904984,0.10169638693332672
"(10.32009321644422, 105.24118734151068)",Rice,0.039815645664930344,0.35616135597229004
"(10.324635504740822, 105.2857017668154)",Rice,0.0028071727138012648,0.015819091349840164
"(10.32009321644422, 105.24209579916996)",Rice,0.031487178057432175,0.13342194259166718
"(10.32281858942218, 105.25572266405916)",Rice,0.02072310447692871,0.16482321918010712
"(10.324635504740822, 105.25663112171844)",Rice,0.04136313125491142,0.06300076097249985
"(10.325089733570481, 105.25345151991095)",Rice,0.04370108246803284,0.2033328413963318
"(10.32327281825184, 105.27707141905222)",Rice,0.022912461310625076,0.05473098158836365
"(10.323727047081501, 105.22892316311038)",Rice,0.07724499702453613,0.2837355434894562
"(10.32327281825184, 105.2334654514068)",Rice,0.06485559046268463,0.2681168019771576
"(10.319184758784901, 105.23846196853285)",Rice,0.07592443376779556,0.25188392400741577
"(10.325089733570481, 105.26753261362978)",Rice,0.03138083219528198,0.17908510565757751
"(10.318730529955241, 105.2334654514068)",Rice,0.03673965856432915,0.1424066722393036
"(10.324635504740822, 105.28115947851899)",Rice,0.03203761577606201,0.12933403253555298
"(10.324181275911162, 105.27525450373366)",Rice,0.005125491414219141,0.11188903450965881
"(10.319184758784901, 105.22846893428076)",Rice,0.07545817643404007,0.2736734449863434
"(10.324181275911162, 105.24073311268103)",Rice,0.04652196541428566,0.29149770736694336
"(10.323727047081501, 105.2788883343708)",Rice,0.06211210787296295,0.16465502977371216
"(10.324181275911162, 105.26571569831123)",Rice,0.10124769806861877,0.2579658031463623
"(10.32009321644422, 105.24800077395528)",Rice,0.014681143686175346,0.21780188381671906
"(10.32327281825184, 105.23164853608824)",Rice,0.12434141337871552,0.13625876605510712
"(10.318730529955241, 105.22983162076967)",Rice,0.020063528791069984,0.07415179908275604
"(10.323727047081501, 105.24436694331814)",Rice,0.02490244247019291,0.1361306756734848
"(10.324181275911162, 105.28206793617827)",Rice,0.05839313566684723,0.11456409096717834
"(10.325089733570481, 105.28524753798575)",Rice,0.007891598157584667,0.04516724497079849
"(10.320547445273881, 105.22756047662148)",Rice,0.037515293806791306,0.09616880118846893
"(10.32009321644422, 105.24527540097742)",Rice,0.053700484335422516,0.09667691588401794
"(10.324635504740822, 105.26980375777799)",Rice,0.045547205954790115,0.09093920886516571
"(10.323727047081501, 105.24527540097742)",Rice,0.07052689790725708,0.16588915884494781
"(10.320547445273881, 105.23800773970319)",Rice,0.0593247190117836,0.2290654331445694
"(10.324635504740822, 105.26616992714088)",Rice,0.05266978591680527,0.1975775808095932
"(10.323727047081501, 105.27707141905222)",Rice,0.0319734625518322,0.05972043052315712
"(10.321001674103542, 105.23028584959931)",Rice,0.007729344069957733,0.16314385831356049
"(10.319184758784901, 105.23437390906608)",Rice,0.03949970006942749,0.13800811767578125
"(10.320547445273881, 105.25208883342202)",Rice,0.018542597070336342,0.2801072299480438
"(10.321910131762861, 105.24618385863673)",Rice,0.08622049540281296,0.42296481132507324
"(10.325089733570481, 105.26208186767411)",Rice,0.014387331902980804,0.2133255898952484
"(10.321455902933202, 105.2266520189622)",Rice,0.09218257665634155,0.18351943790912628
"(10.32327281825184, 105.28797291096359)",Rice,0.010603048838675022,0.19808335602283478
"(10.318730529955241, 105.2348281378957)",Rice,0.06898516416549683,0.26345691084861755
"(10.324181275911162, 105.24890923161456)",Rice,0.017590366303920746,0.09434857964515686
"(10.323727047081501, 105.2416415703403)",Rice,0.029544102028012276,0.20311148464679718
"(9.983509653666161, 105.50282314738331)",Rice,0.02899298258125782,0.24773117899894714
"(9.966248958139081, 105.52735150418388)",Rice,0.036156877875328064,0.1752566397190094
"(9.962160898672142, 105.52008384290963)",Rice,0.019828053191304207,0.08623671531677246
"(9.98169273834752, 105.53143956365062)",Rice,0.010206891223788261,0.19708940386772156
"(9.974425077072961, 105.48510822302734)",Rice,0.008852952159941196,0.24859195947647095
"(9.99259423025936, 105.51645001227251)",Rice,0.004634862765669823,0.09026207774877548
"(9.982601196006842, 105.54779180151766)",Rice,0.027043264359235764,0.36182594299316406
"(9.94490020314506, 105.52144652939856)",Rice,0.0029384130612015724,0.12338690459728241
"(9.991685772600041, 105.49600971493871)",Rice,0.07144870609045029,0.1792374849319458
"(9.975787763561941, 105.49373857079053)",Rice,0.03776562213897705,0.29767900705337524
"(9.992140001429702, 105.51645001227251)",Rice,0.004945622757077217,0.06504694372415543
"(9.979421594199222, 105.50963657982791)",Rice,0.005890089087188244,0.10150784999132156
"(9.976241992391602, 105.48601668068665)",Rice,0.016901129856705666,0.2598031163215637
"(9.983509653666161, 105.52871419067279)",Rice,0.008456339128315449,0.2851639986038208
"(9.990777314940722, 105.49964354557582)",Rice,0.01631556823849678,0.17143794894218445
"(9.95443900856792, 105.52825996184316)",Rice,0.008719178847968578,0.09739063680171967
"(9.994411145578, 105.50872812216863)",Rice,0.006548612378537655,0.05030076205730438
"(9.98805194196276, 105.51054503748719)",Rice,0.057417117059230804,0.11308210343122482
"(9.947171347293361, 105.51735846993179)",Rice,0.005153825972229242,0.015848245471715927
"(9.97669622122126, 105.53734453843595)",Rice,0.01893836259841919,0.12197732925415039
"(9.952622093249282, 105.51554155461324)",Rice,0.0242163073271513,0.23221455514431
"(9.964886271650101, 105.50009777440548)",Rice,0.007131908088922501,0.14020183682441711
"(9.98941462845174, 105.52962264833207)",Rice,0.0030196523293852806,0.09613130986690521
"(9.95943552569418, 105.50691120685008)",Rice,0.016648540273308754,0.20562826097011566
"(9.971245475265341, 105.49600971493871)",Rice,0.006074906326830387,0.06088995188474655
"(9.97533353473228, 105.53371070779883)",Rice,0.007204399444162846,0.12777884304523468
"(9.980330051858541, 105.51009080865757)",Rice,0.018572447821497917,0.03361743316054344
"(9.966248958139081, 105.53280225013955)",Rice,0.006390808150172234,0.038990482687950134
"(9.977150450050921, 105.50827389333898)",Rice,0.029125258326530457,0.243942990899086
"(9.97987582302888, 105.49600971493871)",Rice,0.009777531027793884,0.3522878885269165
"(9.966248958139081, 105.49782663025726)",Rice,0.011964783072471619,0.0901789590716362
"(9.977604678880581, 105.51508732578358)",Rice,0.01666397415101528,0.21781638264656067
"(9.985326568984801, 105.50645697802042)",Rice,0.0411134697496891,0.3083028495311737
"(9.98805194196276, 105.4991893167462)",Rice,0.029992638155817986,0.14406955242156982
"(9.985780797814462, 105.54506642853983)",Rice,0.024864524602890015,0.34143298864364624
"(9.986689255473781, 105.51099926631684)",Rice,0.013054344803094864,0.25288715958595276
"(9.99123154377038, 105.51327041046503)",Rice,0.005601202603429556,0.14202627539634705
"(9.974425077072961, 105.50827389333898)",Rice,0.009512903168797493,0.22605304419994354
"(9.969882788776362, 105.49646394376836)",Rice,0.005425998009741306,0.025429995730519295
"(9.956710152716221, 105.51645001227251)",Rice,0.02300424687564373,0.19283007085323334
"(9.983509653666161, 105.53416493662849)",Rice,0.005151803605258465,0.17203083634376526
"(9.976241992391602, 105.48556245185699)",Rice,0.010329196229577065,0.051930107176303864
"(9.9512594067603, 105.51463309695396)",Rice,0.00798287708312273,0.20098277926445007
"(9.972608161754321, 105.53461916545811)",Rice,0.004575828555971384,0.04313600808382034
"(9.9785131365399, 105.52825996184316)",Rice,0.00583281135186553,0.24214375019073486
"(9.996682289726301, 105.5005520032351)",Rice,0.026682374998927116,0.1751323640346527
"(9.99259423025936, 105.52008384290963)",Rice,0.003596236929297447,0.06789296865463257
"(9.996228060896641, 105.51463309695396)",Rice,0.012445857748389244,0.22116580605506897
"(9.989868857281401, 105.52053807173928)",Rice,0.023401783779263496,0.22252269089221954
"(9.977150450050921, 105.5128161816354)",Rice,0.00979962944984436,0.088791124522686
"(9.953530550908601, 105.52871419067279)",Rice,0.0047995708882808685,0.029630061239004135
"(9.973062390583982, 105.5209923005689)",Rice,0.02213476411998272,0.24267859756946564
"(9.990323086111061, 105.51054503748719)",Rice,0.023758478462696075,0.34800073504447937
"(9.954893237397581, 105.52508036003567)",Rice,0.0178486630320549,0.14630721509456635
"(9.969428559946701, 105.50191468972403)",Rice,0.06991270929574966,0.34721484780311584
"(9.972608161754321, 105.48965051132376)",Rice,0.003086140612140298,0.18042783439159393
"(9.958072839205201, 105.52144652939856)",Rice,0.00824561808258295,0.0778752863407135
"(9.973970848243301, 105.48737936717555)",Rice,0.011542677879333496,0.022796915844082832
"(9.974879305902622, 105.48692513834592)",Rice,0.005444077309221029,0.07966739684343338
"(9.97987582302888, 105.5141788681243)",Rice,0.008616115897893906,0.23406551778316498
"(9.99123154377038, 105.50191468972403)",Rice,0.019349994137883186,0.3908734917640686
"(9.95943552569418, 105.5323480213099)",Rice,0.008203298784792423,0.14094747602939606
"(9.9626151275018, 105.52326344471712)",Rice,0.016266142949461937,0.06530986726284027
"(9.952167864419621, 105.52689727535423)",Rice,0.016650184988975525,0.09520874172449112
"(9.985780797814462, 105.54688334385838)",Rice,0.004675657954066992,0.04497446492314339
"(9.977150450050921, 105.51009080865757)",Rice,0.010765505023300648,0.16018223762512207
"(9.985780797814462, 105.50918235099826)",Rice,0.0433046817779541,0.2380717396736145
"(9.984418111325482, 105.5073654356797)",Rice,0.02135489135980606,0.2290765941143036
"(9.94807980495268, 105.51735846993179)",Rice,0.008102118968963623,0.08537355810403824
"(9.974879305902622, 105.49010474015338)",Rice,0.0022356121335178614,0.11434148997068405
"(9.969428559946701, 105.49555548610908)",Rice,0.05257705599069595,0.1066681295633316
"(9.999861891533921, 105.50645697802042)",Rice,0.007701311260461807,0.07761640101671219
"(9.957164381545882, 105.53053110599134)",Rice,0.005921390373259783,0.09301894158124924
"(9.958981296864522, 105.51690424110214)",Rice,0.020779279991984367,0.17047525942325592
"(9.950805177930642, 105.51463309695396)",Rice,0.010672920383512974,0.17980894446372986
"(9.959889754523841, 105.53007687716172)",Rice,0.004430371802300215,0.02029387466609478
"(9.995319603237322, 105.50146046089439)",Rice,0.02022300846874714,0.26957687735557556
"(9.9785131365399, 105.50918235099826)",Rice,0.01316156331449747,0.25532808899879456
"(9.959889754523841, 105.52508036003567)",Rice,0.007263714447617531,0.08531739562749863
"(9.972608161754321, 105.48874205366448)",Rice,0.004224661272019148,0.17429254949092865
"(9.966703186968742, 105.50009777440548)",Rice,0.0217739250510931,0.3554651737213135
"(9.966703186968742, 105.53189379248028)",Rice,0.006341082509607077,0.0985506922006607
"(9.987597713133102, 105.50509429153152)",Rice,0.017037561163306236,0.24111294746398926
"(9.9467171184637, 105.5241719023764)",Rice,0.007709236815571785,0.0559735968708992
"(9.982146967177181, 105.52780573301351)",Rice,0.02676388993859291,0.05393482372164726
"(9.984418111325482, 105.49146742664232)",Rice,0.025544222444295883,0.17307256162166595
"(9.977604678880581, 105.52462613120602)",Rice,0.02281445451080799,0.1769736260175705
"(9.961252441012821, 105.51872115642072)",Rice,0.005067005753517151,0.024995746091008186
"(9.984418111325482, 105.50918235099826)",Rice,0.07708676159381866,0.13295206427574158
"(9.955347466227241, 105.52598881769495)",Rice,0.009328517131507397,0.025299925357103348
"(9.97987582302888, 105.54052414024343)",Rice,0.009026470594108105,0.04417280852794647
"(9.958527068034861, 105.52462613120602)",Rice,0.0035487916320562363,0.031076636165380478
"(9.985326568984801, 105.53416493662849)",Rice,0.004013818223029375,0.08721248805522919
"(9.987597713133102, 105.52553458886531)",Rice,0.0022522781509906054,0.532325804233551
"(9.978967365369561, 105.52553458886531)",Rice,0.013067946769297123,0.1423746943473816
"(9.977604678880581, 105.4878335960052)",Rice,0.008967427536845207,0.13067622482776642
"(9.974879305902622, 105.52371767354674)",Rice,0.00405685231089592,0.026831621304154396
"(9.994865374407661, 105.51099926631684)",Rice,0.002157894428819418,0.04235529527068138
"(9.977604678880581, 105.53825299609522)",Rice,0.004310556221753359,0.049884453415870667
"(9.97351661941364, 105.54279528439164)",Rice,0.019397886469960213,0.31311747431755066
"(9.99577383206698, 105.50554852036115)",Rice,0.008132671006023884,0.1425928920507431
"(9.974879305902622, 105.48647090951627)",Rice,0.006132989190518856,0.09826717525720596
"(9.9671574157984, 105.52326344471712)",Rice,0.022174637764692307,0.3037639260292053
"(9.980784280688201, 105.5264430465246)",Rice,0.014277061447501183,0.17167748510837555
"(9.964432042820441, 105.4991893167462)",Rice,0.01325968373566866,0.5611043572425842
"(9.981238509517862, 105.5060027491908",Rice,0.010369493626058102,0.24179954826831818
"(9.98805194196276, 105.50554852036115)",Rice,0.010908969677984715,0.25439563393592834
"(9.986689255473781, 105.49146742664232)",Rice,0.004812121856957674,0.05022196099162102
"(9.969428559946701, 105.49737240142764)",Rice,0.008660341612994671,0.4082086384296417
"(9.987597713133102, 105.50009777440548)",Rice,0.03255782276391983,0.19218280911445618
"(9.977150450050921, 105.54279528439164)",Rice,0.007445585913956165,0.09119154512882233
"(9.973062390583982, 105.49101319781266)",Rice,0.026145564392209053,0.43607041239738464
"(9.952167864419621, 105.52190075822818)",Rice,0.012361889705061913,0.24642859399318695
"(9.985326568984801, 105.49782663025726)",Rice,0.03343496844172478,0.15463945269584656
"(9.976241992391602, 105.48647090951627)",Rice,0.0066884844563901424,0.13953140377998352
"(9.979421594199222, 105.49555548610908)",Rice,0.014304785057902336,0.42730912566185
"(9.984418111325482, 105.54506642853983)",Rice,0.010603880509734154,0.282240092754364
"(9.972608161754321, 105.53734453843595)",Rice,0.00525051262229681,0.08965561538934708
"(9.980784280688201, 105.49646394376836)",Rice,0.02534656785428524,0.31860676407814026
"(9.98487234015514, 105.50146046089439)",Rice,0.015802066773176193,0.23428374528884888
"(9.961252441012821, 105.52598881769495)",Rice,0.0074445940554142,0.08546868711709976
"(9.94989672027132, 105.51826692759107)",Rice,0.018126633018255234,0.06526985764503479
"(9.98941462845174, 105.50827389333898)",Rice,0.029975591227412224,0.23248597979545593
"(9.97533353473228, 105.48556245185699)",Rice,0.018937859684228897,0.14993180334568024
"(9.9830554248365, 105.53870722492488)",Rice,0.009197707287967205,0.017103619873523712
"(9.98805194196276, 105.5377987672656)",Rice,0.008633309043943882,0.04831746593117714
"(9.982146967177181, 105.49646394376836)",Rice,0.02391653135418892,0.2774019241333008
"(9.986689255473781, 105.50373160504259)",Rice,0.026023944839835167,0.24758946895599365
"(9.994411145578, 105.51781269876145)",Rice,0.007700102869421244,0.07326581329107285
"(9.982601196006842, 105.50327737621296)",Rice,0.026080740615725517,0.2930977940559387
"(9.978967365369561, 105.50418583387224)",Rice,0.012208623811602592,0.2437172681093216
"(10.001224578022901, 105.50464006270187)",Rice,0.004691476467996836,0.08305637538433075
"(9.96897433111704, 105.52371767354674)",Rice,0.01531408354640007,0.29510051012039185
"(9.950805177930642, 105.52008384290963)",Rice,0.009648389182984829,0.12782183289527893
"(9.98941462845174, 105.4991893167462)",Rice,0.027081996202468872,0.24193616211414337
"(9.97351661941364, 105.53643608077667)",Rice,0.0050052436999976635,0.05554219335317612
"(9.97533353473228, 105.52144652939856)",Rice,0.014897631481289864,0.10563641786575317
"(9.9671574157984, 105.49373857079053)",Rice,0.01234049629420042,0.1329628974199295
"(9.967611644628061, 105.50827389333898)",Rice,0.004097990691661835,0.1871979981660843
"(9.982601196006842, 105.51690424110214)",Rice,0.01942700892686844,0.2578776478767395
"(9.9830554248365, 105.53825299609522)",Rice,0.007940771989524364,0.03470417857170105
"(9.968520102287382, 105.4946470284498)",Rice,0.02192099019885063,0.33281388878822327
"(9.974425077072961, 105.50645697802042)",Rice,0.044166117906570435,0.44912099838256836
"(9.96397781399078, 105.52371767354674)",Rice,0.01912812702357769,0.2654760479927063
"(9.991685772600041, 105.51645001227251)",Rice,0.0038486376870423555,0.09520310908555984
"(9.985780797814462, 105.50872812216863)",Rice,0.042258214205503464,0.08510240167379379
"(9.981238509517862, 105.50373160504259)",Rice,0.03024536930024624,0.1436307430267334
"(9.971699704095002, 105.4923758843016)",Rice,0.007440158631652594,0.07406648248434067
"(9.95307632207894, 105.51599578344286)",Rice,0.0201587975025177,0.7331541776657104
"(9.97987582302888, 105.51554155461324)",Rice,0.02494126930832863,0.16129979491233826
"(10.481616988271316, 104.91150805695796)",Non Rice,0.05889446288347244,0.24140335619449615
"(10.481162759441657, 104.91150805695796)",Non Rice,0.06116899475455284,0.12203970551490784
"(10.480708530611997, 104.91150805695796)",Non Rice,0.0456719771027565,0.2086472362279892
"(10.480254301782336, 104.91150805695796)",Non Rice,0.05562193691730499,0.19622349739074707
"(10.479800072952678, 104.91150805695796)",Non Rice,0.07441219687461853,0.2966464161872864
"(10.479345844123017, 104.91150805695796)",Non Rice,0.025753378868103027,0.13098086416721344
"(10.478891615293357, 104.91150805695796)",Non Rice,0.06627978384494781,0.14542566239833832
"(10.478437386463696, 104.91150805695796)",Non Rice,0.07131935656070709,0.2852219045162201
"(10.477983157634037, 104.91150805695796)",Non Rice,0.032604098320007324,0.11486101895570755
"(10.477528928804377, 104.91150805695796)",Non Rice,0.05987575650215149,0.1841537058353424
"(10.477074699974716, 104.91150805695796)",Non Rice,0.025842543691396713,0.17759071290493011
"(10.476620471145058, 104.91150805695796)",Non Rice,0.04661758616566658,0.17680975794792175
"(10.476166242315397, 104.91150805695796)",Non Rice,0.056984566152095795,0.16879670321941376
"(10.475712013485737, 104.91150805695796)",Non Rice,0.06489008665084839,0.3395483195781708
"(10.475257784656076, 104.91150805695796)",Non Rice,0.05742291733622551,0.3444388210773468
"(10.474803555826417, 104.91150805695796)",Non Rice,0.09494569152593613,0.09717147797346115
"(10.474349326996757, 104.91150805695796)",Non Rice,0.12448751926422119,0.21538810431957245
"(10.473895098167096, 104.91150805695796)",Non Rice,0.20239728689193726,0.2417990267276764
"(10.473440869337438, 104.91150805695796)",Non Rice,0.0906650647521019,0.3486916422843933
"(10.472986640507777, 104.91150805695796)",Non Rice,0.11845330148935318,0.6580470204353333
"(10.472532411678117, 104.91150805695796)",Non Rice,0.1195666640996933,0.3204689025878906
"(10.472078182848456, 104.91150805695796)",Non Rice,0.08308890461921692,0.1252674013376236
"(10.471623954018797, 104.91150805695796)",Non Rice,0.03724689409136772,0.22478164732456207
"(10.481616988271316, 104.91196228578761)",Non Rice,0.045089446008205414,0.3016868233680725
"(10.481162759441657, 104.91196228578761)",Non Rice,0.030316224321722984,0.08070702105760574
"(10.480708530611997, 104.91196228578761)",Non Rice,0.03385712578892708,0.28278836607933044
"(10.480254301782336, 104.91196228578761)",Non Rice,0.058646418154239655,0.11379273235797882
"(10.479800072952678, 104.91196228578761)",Non Rice,0.05482130125164986,0.48351359367370605
"(10.479345844123017, 104.91196228578761)",Non Rice,0.04517960175871849,0.25323668122291565
"(10.478891615293357, 104.91196228578761)",Non Rice,0.022236378863453865,0.1126822754740715
"(10.478437386463696, 104.91196228578761)",Non Rice,0.03673728555440903,0.06030840426683426
"(10.477983157634037, 104.91196228578761)",Non Rice,0.05367102101445198,0.12722337245941162
"(10.477528928804377, 104.91196228578761)",Non Rice,0.049104977399110794,0.20186536014080048
"(10.477074699974716, 104.91196228578761)",Non Rice,0.04619048908352852,0.1881040632724762
"(10.476620471145058, 104.91196228578761)",Non Rice,0.07135819643735886,0.22234979271888733
"(10.476166242315397, 104.91196228578761)",Non Rice,0.038840629160404205,0.31925755739212036
"(10.475712013485737, 104.91196228578761)",Non Rice,0.04445452615618706,0.17840057611465454
"(10.475257784656076, 104.91196228578761)",Non Rice,0.038173750042915344,0.15484517812728882
"(10.474803555826417, 104.91196228578761)",Non Rice,0.09499528259038925,0.33470672369003296
"(10.474349326996757, 104.91196228578761)",Non Rice,0.02612142264842987,0.22964301705360413
"(10.473895098167096, 104.91196228578761)",Non Rice,0.05335761606693268,0.1374419629573822
"(10.473440869337438, 104.91196228578761)",Non Rice,0.045473672449588776,0.2243969440460205
"(10.472986640507777, 104.91196228578761)",Non Rice,0.03684748336672783,0.3543585538864136
"(10.472532411678117, 104.91196228578761)",Non Rice,0.05111199989914894,0.320137083530426
"(10.472078182848456, 104.91196228578761)",Non Rice,0.045627422630786896,0.25499698519706726
"(10.471623954018797, 104.91196228578761)",Non Rice,0.029163243249058723,0.2019478678703308
"(10.471169725189137, 104.91196228578761)",Non Rice,0.08752550929784775,0.18239381909370422
"(10.470715496359476, 104.91196228578761)",Non Rice,0.025844143703579903,0.13857848942279816
"(10.470261267529818, 104.91196228578761)",Non Rice,0.03743528202176094,0.20544089376926422
"(10.469807038700157, 104.91196228578761)",Non Rice,0.040698934346437454,0.21005463600158691
"(10.469352809870497, 104.91196228578761)",Non Rice,0.035232190042734146,0.2670854926109314
"(10.468898581040836, 104.91196228578761)",Non Rice,0.03667864948511124,0.22170500457286835
"(10.468444352211177, 104.91196228578761)",Non Rice,0.031166566535830498,0.2879013121128082
"(10.467990123381517, 104.91196228578761)",Non Rice,0.0501902773976326,0.13745732605457306
"(10.467535894551856, 104.91196228578761)",Non Rice,0.043088361620903015,0.23069460690021515
"(10.467081665722198, 104.91196228578761)",Non Rice,0.05384908616542816,0.2870344817638397
"(10.466627436892537, 104.91196228578761)",Non Rice,0.0835089161992073,0.20448938012123108
"(10.466173208062877, 104.91196228578761)",Non Rice,0.025566942989826202,0.09165126830339432
"(10.465718979233216, 104.91196228578761)",Non Rice,0.02296082302927971,0.1637686938047409
"(10.465264750403557, 104.91196228578761)",Non Rice,0.1322333812713623,0.19146519899368286
"(10.464810521573897, 104.91196228578761)",Non Rice,0.04590047523379326,0.2601533830165863
"(10.464356292744236, 104.91196228578761)",Non Rice,0.06594038754701614,0.2712814509868622
"(10.463902063914578, 104.91196228578761)",Non Rice,0.0531480610370636,0.15472453832626343
"(10.463447835084917, 104.91196228578761)",Non Rice,0.03124682605266571,0.11808702349662781
"(10.462993606255257, 104.91196228578761)",Non Rice,0.04307463765144348,0.16085144877433777
"(10.462539377425596, 104.91196228578761)",Non Rice,0.1418895274400711,0.13498170673847198
"(10.462085148595937, 104.91196228578761)",Non Rice,0.06464019417762756,0.22339674830436707
"(10.461630919766277, 104.91196228578761)",Non Rice,0.06634440273046494,0.24306130409240723
"(10.461176690936616, 104.91196228578761)",Non Rice,0.029990656301379204,0.22918127477169037
"(10.460722462106958, 104.91196228578761)",Non Rice,0.03477039188146591,0.03359241038560867
"(10.460268233277297, 104.91196228578761)",Non Rice,0.03135693073272705,0.08835506439208984
"(10.459814004447637, 104.91196228578761)",Non Rice,0.05733254551887512,0.2040308266878128
"(10.459359775617976, 104.91196228578761)",Non Rice,0.04522307217121124,0.11591454595327377
"(10.458905546788317, 104.91196228578761)",Non Rice,0.02607758902013302,0.19746945798397064
"(10.482071217100977, 104.91241651461723)",Non Rice,0.03592418134212494,0.16008032858371735
"(10.481616988271316, 104.91241651461723)",Non Rice,0.0823744684457779,0.3908655047416687
"(10.481162759441657, 104.91241651461723)",Non Rice,0.05913887545466423,0.41284170746803284
"(10.480708530611997, 104.91241651461723)",Non Rice,0.09554283320903778,0.4606960713863373
"(10.480254301782336, 104.91241651461723)",Non Rice,0.03469895198941231,0.11031448096036911
"(10.479800072952678, 104.91241651461723)",Non Rice,0.04946830868721008,0.153656005859375
"(10.479345844123017, 104.91241651461723)",Non Rice,0.08632296323776245,0.3598436117172241
"(10.478891615293357, 104.91241651461723)",Non Rice,0.17188455164432526,0.39966869354248047
"(10.478437386463696, 104.91241651461723)",Non Rice,0.05124082788825035,0.2976216673851013
"(10.477983157634037, 104.91241651461723)",Non Rice,0.06939548254013062,0.13642536103725433
"(10.477528928804377, 104.91241651461723)",Non Rice,0.10144638270139694,0.5176092386245728
"(10.477074699974716, 104.91241651461723)",Non Rice,0.025890717282891273,0.15473906695842743
"(10.476620471145058, 104.91241651461723)",Non Rice,0.0412168949842453,0.11253980547189713
"(10.476166242315397, 104.91241651461723)",Non Rice,0.03642837703227997,0.13611063361167908
"(10.475712013485737, 104.91241651461723)",Non Rice,0.04792393743991852,0.29149168729782104
"(10.475257784656076, 104.91241651461723)",Non Rice,0.033701103180646896,0.2718037962913513
"(10.474803555826417, 104.91241651461723)",Non Rice,0.09932713210582733,0.2852093279361725
"(10.474349326996757, 104.91241651461723)",Non Rice,0.04900851845741272,0.48814380168914795
"(10.473895098167096, 104.91241651461723)",Non Rice,0.046497892588377,0.4001654386520386
"(10.473440869337438, 104.91241651461723)",Non Rice,0.09423710405826569,0.25131288170814514
"(10.472986640507777, 104.91241651461723)",Non Rice,0.032272420823574066,0.11536957323551178
"(10.472532411678117, 104.91241651461723)",Non Rice,0.043936748057603836,0.12499402463436127
"(10.472078182848456, 104.91241651461723)",Non Rice,0.04457452893257141,0.16672557592391968
"(10.471623954018797, 104.91241651461723)",Non Rice,0.09542836248874664,0.2940087914466858
"(10.471169725189137, 104.91241651461723)",Non Rice,0.05250046029686928,0.13652482628822327
"(10.470715496359476, 104.91241651461723)",Non Rice,0.01654609479010105,0.32112887501716614
"(10.325089733570481, 105.4923758843016)",Non Rice,0.008966655470430851,0.012567018158733845
"(10.325089733570481, 105.49283011313122)",Non Rice,0.003309536725282669,0.029179144650697708
"(10.324635504740822, 105.49283011313122)",Non Rice,0.005758047569543123,0.036796361207962036
"(10.325089733570481, 105.49328434196087)",Non Rice,0.003659516805782914,0.02286732941865921
"(10.324635504740822, 105.49328434196087)",Non Rice,0.0022769926581531763,0.0244671031832695
"(10.324181275911162, 105.49328434196087)",Non Rice,0.007571721915155649,0.03159322217106819
"(10.325089733570481, 105.49373857079053)",Non Rice,0.004790546838194132,0.008664524182677269
"(10.324635504740822, 105.49373857079053)",Non Rice,0.006223768927156925,0.029725121334195137
"(10.324181275911162, 105.49373857079053)",Non Rice,0.0036418940871953964,0.013104983605444431
"(10.323727047081501, 105.49373857079053)",Non Rice,0.009431214071810246,0.015267857350409031
"(10.325089733570481, 105.49419279962015)",Non Rice,0.0018829044420272112,0.010124805383384228
"(10.324635504740822, 105.49419279962015)",Non Rice,0.006265530362725258,0.005251692607998848
"(10.324181275911162, 105.49419279962015)",Non Rice,0.008860607631504536,0.020754443481564522
"(10.323727047081501, 105.49419279962015)",Non Rice,0.005484596826136112,0.03026994876563549
"(10.32327281825184, 105.49419279962015)",Non Rice,0.003567120060324669,0.03382394090294838
"(10.325089733570481, 105.4946470284498)",Non Rice,0.004390002693980932,0.009243305772542953
"(10.324635504740822, 105.4946470284498)",Non Rice,0.0014868192374706268,0.014362137764692307
"(10.324181275911162, 105.4946470284498)",Non Rice,0.002396234543994069,0.04352302476763725
"(10.323727047081501, 105.4946470284498)",Non Rice,0.006747550331056118,0.02174977958202362
"(10.32327281825184, 105.4946470284498)",Non Rice,0.003324718214571476,0.04348739981651306
"(10.32281858942218, 105.4946470284498)",Non Rice,0.006050625815987587,0.016686100512742996
"(10.325089733570481, 105.49510125727943)",Non Rice,0.010041764937341213,0.026713194325566292
"(10.324635504740822, 105.49510125727943)",Non Rice,0.005639650393277407,0.03814242035150528
"(10.324181275911162, 105.49510125727943)",Non Rice,0.01627037301659584,0.030688118189573288
"(10.323727047081501, 105.49510125727943)",Non Rice,0.28215843439102173,3.2254903316497803
"(10.32327281825184, 105.49510125727943)",Non Rice,0.010808547958731651,0.04615083709359169
"(10.32281858942218, 105.49510125727943)",Non Rice,0.004031947813928127,0.020381150767207146
"(10.322364360592521, 105.49510125727943)",Non Rice,0.006576467305421829,0.022365635260939598
"(10.321910131762861, 105.49510125727943)",Non Rice,0.004994495306164026,0.015524273738265038
"(10.325089733570481, 105.49555548610908)",Non Rice,0.0058675711043179035,0.024898948147892952
"(10.324635504740822, 105.49555548610908)",Non Rice,0.0020063978154212236,0.011085531674325466
"(10.324181275911162, 105.49555548610908)",Non Rice,0.0036001454573124647,0.02567395754158497
"(10.323727047081501, 105.49555548610908)",Non Rice,0.015722766518592834,0.2444162368774414
"(10.32327281825184, 105.49555548610908)",Non Rice,0.010198066011071205,0.24861937761306763
"(10.32281858942218, 105.49555548610908)",Non Rice,0.007035587448626757,0.08242016285657883
"(10.322364360592521, 105.49555548610908)",Non Rice,0.0041343215852975845,0.038233526051044464
"(10.321910131762861, 105.49555548610908)",Non Rice,0.003086233278736472,0.022843454033136368
"(10.321455902933202, 105.49555548610908)",Non Rice,0.003990346100181341,0.009105988778173923
"(10.325089733570481, 105.49600971493871)",Non Rice,0.003223191713914275,0.0064715007320046425
"(10.324635504740822, 105.49600971493871)",Non Rice,0.003957334440201521,0.03787676617503166
"(10.324181275911162, 105.49600971493871)",Non Rice,0.005220893304795027,0.020818550139665604
"(10.323727047081501, 105.49600971493871)",Non Rice,0.007513016927987337,0.033244382590055466
"(10.32327281825184, 105.49600971493871)",Non Rice,0.003919519949704409,0.014855874702334404
"(10.32281858942218, 105.49600971493871)",Non Rice,0.004022439010441303,0.019364824518561363
"(10.322364360592521, 105.49600971493871)",Non Rice,0.0049502234905958176,0.02529647760093212
"(10.321910131762861, 105.49600971493871)",Non Rice,0.005534559488296509,0.009998166933655739
"(10.321455902933202, 105.49600971493871)",Non Rice,0.005319969262927771,0.027311895042657852
"(10.321001674103542, 105.49600971493871)",Non Rice,0.004667036235332489,0.025162644684314728
"(10.325089733570481, 105.49646394376836)",Non Rice,0.007070634048432112,0.018720097839832306
"(10.324635504740822, 105.49646394376836)",Non Rice,0.0038124716375023127,0.02420048788189888
"(10.474349326996757, 105.53107618058692)",Non Rice,0.03859653323888779,0.1790468692779541
"(10.473895098167096, 105.53107618058692)",Non Rice,0.07928815484046936,0.19099415838718414
"(10.474349326996757, 105.53153040941655)",Non Rice,0.012816938571631908,0.08951219171285629
"(10.473895098167096, 105.53153040941655)",Non Rice,0.01957542449235916,0.15267811715602875
"(10.473440869337438, 105.53153040941655)",Non Rice,0.05880342423915863,0.20677541196346283
"(10.474803555826417, 105.5319846382462)",Non Rice,0.09797574579715729,0.1626058965921402
"(10.474349326996757, 105.5319846382462)",Non Rice,0.11391326785087585,0.4797634184360504
"(10.473895098167096, 105.5319846382462)",Non Rice,0.06083155423402786,0.2670978605747223
"(10.473440869337438, 105.5319846382462)",Non Rice,0.07245678454637527,0.31188851594924927
"(10.472986640507777, 105.5319846382462)",Non Rice,0.0925397127866745,0.2762257158756256
"(10.472532411678117, 105.5319846382462)",Non Rice,0.058128368109464645,0.27849337458610535
"(10.474803555826417, 105.53243886707584)",Non Rice,0.09298260509967804,0.44029614329338074
"(10.474349326996757, 105.53243886707584)",Non Rice,0.08550995588302612,0.49558761715888977
"(10.473895098167096, 105.53243886707584)",Non Rice,0.08216040581464767,0.15647563338279724
"(10.473440869337438, 105.53243886707584)",Non Rice,0.03633354604244232,0.3199625313282013
"(10.472986640507777, 105.53243886707584)",Non Rice,0.041400425136089325,0.25980231165885925
"(10.472532411678117, 105.53243886707584)",Non Rice,0.045245226472616196,0.31716904044151306
"(10.472078182848456, 105.53243886707584)",Non Rice,0.03179372474551201,0.2651037275791168
"(10.475257784656076, 105.53289309590548)",Non Rice,0.02900155447423458,0.1954834759235382
"(10.474803555826417, 105.53289309590548)",Non Rice,0.07336706668138504,0.1383385807275772
"(10.474349326996757, 105.53289309590548)",Non Rice,0.1133008673787117,0.135423943400383
"(10.473895098167096, 105.53289309590548)",Non Rice,0.031457457691431046,0.161481574177742
"(10.473440869337438, 105.53289309590548)",Non Rice,0.06336058676242828,0.26084429025650024
"(10.472986640507777, 105.53289309590548)",Non Rice,0.12656447291374207,0.30289697647094727
"(10.472532411678117, 105.53289309590548)",Non Rice,0.10458094626665115,0.1856391578912735
"(10.472078182848456, 105.53289309590548)",Non Rice,0.0739765465259552,0.3996048867702484
"(10.471623954018797, 105.53289309590548)",Non Rice,0.06545033305883408,0.1809406578540802
"(10.471169725189137, 105.53289309590548)",Non Rice,0.027626143768429756,0.16218188405036926
"(10.475257784656076, 105.53334732473513)",Non Rice,0.045194726437330246,0.26580527424812317
"(10.474803555826417, 105.53334732473513)",Non Rice,0.03421137109398842,0.2549736499786377
"(10.474349326996757, 105.53334732473513)",Non Rice,0.030371854081749916,0.4571565091609955
"(10.473895098167096, 105.53334732473513)",Non Rice,0.04545305296778679,0.37044674158096313
"(10.473440869337438, 105.53334732473513)",Non Rice,0.0329366996884346,0.1309078484773636
"(10.472986640507777, 105.53334732473513)",Non Rice,0.08335782587528229,0.3018798530101776
"(10.472532411678117, 105.53334732473513)",Non Rice,0.02843417227268219,0.14103782176971436
"(10.472078182848456, 105.53334732473513)",Non Rice,0.02653440460562706,0.14876888692378998
"(10.471623954018797, 105.53334732473513)",Non Rice,0.05860469490289688,0.10100548714399338
"(10.471169725189137, 105.53334732473513)",Non Rice,0.03241688758134842,0.26947221159935
"(10.470715496359476, 105.53334732473513)",Non Rice,0.03429853916168213,0.393415629863739
"(10.470261267529818, 105.53334732473513)",Non Rice,0.04597705602645874,0.21261915564537048
"(10.475712013485737, 105.53380155356476)",Non Rice,0.03415101021528244,0.17581090331077576
"(10.475257784656076, 105.53380155356476)",Non Rice,0.09923548251390457,0.3624686300754547
"(10.474803555826417, 105.53380155356476)",Non Rice,0.04493771865963936,0.14416302740573883
"(10.474349326996757, 105.53380155356476)",Non Rice,0.04285239428281784,0.1809948980808258
"(10.473895098167096, 105.53380155356476)",Non Rice,0.025006446987390518,0.2573680281639099
"(10.473440869337438, 105.53380155356476)",Non Rice,0.07304388284683228,0.4090999960899353
"(10.472986640507777, 105.53380155356476)",Non Rice,0.05193063244223595,0.3795109689235687
"(10.472532411678117, 105.53380155356476)",Non Rice,0.07708287984132767,0.20850655436515808
"(10.472078182848456, 105.53380155356476)",Non Rice,0.06989036500453949,0.2970418632030487
"(10.471623954018797, 105.53380155356476)",Non Rice,0.048647355288267136,0.2478295862674713
"(10.015305671742361, 105.8103360650496)",Non Rice,0.00748960068449378,0.018152520060539246
"(10.015305671742361, 105.81079029387922)",Non Rice,0.004682764410972595,0.01989874243736267
"(10.0148514429127, 105.81079029387922)",Non Rice,0.0031414555851370096,0.013137444853782654
"(10.015305671742361, 105.81124452270888)",Non Rice,0.01052723079919815,0.010961465537548065
"(10.0148514429127, 105.81124452270888)",Non Rice,0.005724400281906128,0.01569618098437786
"(10.014397214083042, 105.81124452270888)",Non Rice,0.007237357087433338,0.03141264244914055
"(10.013942985253381, 105.81124452270888)",Non Rice,0.005215564742684364,0.019541341811418533
"(10.015759900572021, 105.8116987515385)",Non Rice,0.0062913671135902405,0.017185701057314873
"(10.015305671742361, 105.8116987515385)",Non Rice,0.002744856756180525,0.01746508851647377
"(10.0148514429127, 105.8116987515385)",Non Rice,0.0075807878747582436,0.019992005079984665
"(10.014397214083042, 105.8116987515385)",Non Rice,0.006701239850372076,0.02664533257484436
"(10.013942985253381, 105.8116987515385)",Non Rice,0.006472677458077669,0.024765921756625175
"(10.01348875642372, 105.8116987515385)",Non Rice,0.009854190982878208,0.020883336663246155
"(10.015759900572021, 105.81215298036815)",Non Rice,0.007037303876131773,0.03674846515059471
"(10.015305671742361, 105.81215298036815)",Non Rice,0.0020420015789568424,0.021353797987103462
"(10.0148514429127, 105.81215298036815)",Non Rice,0.0024106730706989765,0.01924295350909233
"(10.014397214083042, 105.81215298036815)",Non Rice,0.004965165164321661,0.017587648704648018
"(10.013942985253381, 105.81215298036815)",Non Rice,0.007216091733425856,0.021095335483551025
"(10.01348875642372, 105.81215298036815)",Non Rice,0.005830247420817614,0.018110670149326324
"(10.013034527594062, 105.81215298036815)",Non Rice,0.004952442832291126,0.02383776754140854
"(10.015759900572021, 105.81260720919778)",Non Rice,0.020698487758636475,0.02201070822775364
"(10.015305671742361, 105.81260720919778)",Non Rice,0.012513031251728535,0.01820092275738716
"(10.0148514429127, 105.81260720919778)",Non Rice,0.01311956811696291,0.02704976312816143
"(10.014397214083042, 105.81260720919778)",Non Rice,0.043512966483831406,0.08664023876190186
"(10.013942985253381, 105.81260720919778)",Non Rice,0.007061953190714121,0.012975744903087616
"(10.01348875642372, 105.81260720919778)",Non Rice,0.007176122162491083,0.015265807509422302
"(10.013034527594062, 105.81260720919778)",Non Rice,0.004835677333176136,0.014687507413327694
"(10.012580298764401, 105.81260720919778)",Non Rice,0.006956489756703377,0.020414920523762703
"(10.016214129401682, 105.81306143802743)",Non Rice,0.005947963800281286,0.00916653499007225
"(10.015759900572021, 105.81306143802743)",Non Rice,0.004944070242345333,0.03040163777768612
"(10.015305671742361, 105.81306143802743)",Non Rice,0.005031231790781021,0.021062349900603294
"(10.0148514429127, 105.81306143802743)",Non Rice,0.002022462198510766,0.013432903215289116
"(10.014397214083042, 105.81306143802743)",Non Rice,0.00923157762736082,0.04517018795013428
"(10.013942985253381, 105.81306143802743)",Non Rice,0.010765237733721733,0.039752740412950516
"(10.01348875642372, 105.81306143802743)",Non Rice,0.005597006995230913,0.014210016466677189
"(10.013034527594062, 105.81306143802743)",Non Rice,0.008162588812410831,0.018630435690283775
"(10.012580298764401, 105.81306143802743)",Non Rice,0.004577214363962412,0.044653166085481644
"(10.012126069934741, 105.81306143802743)",Non Rice,0.012594062834978104,0.012885438278317451
"(10.01167184110508, 105.81306143802743)",Non Rice,0.004972922615706921,0.025159062817692757
"(10.016214129401682, 105.81351566685709)",Non Rice,0.007030227221548557,0.029639076441526413
"(10.015759900572021, 105.81351566685709)",Non Rice,0.010225072503089905,0.01786002703011036
"(10.015305671742361, 105.81351566685709)",Non Rice,0.005174703896045685,0.015454870648682117
"(10.0148514429127, 105.81351566685709)",Non Rice,0.005574892740696669,0.012159833684563637
"(10.014397214083042, 105.81351566685709)",Non Rice,0.004351178649812937,0.025977857410907745
"(10.013942985253381, 105.81351566685709)",Non Rice,0.006690367124974728,0.023570111021399498
"(10.01348875642372, 105.81351566685709)",Non Rice,0.0059169321320950985,0.021465105935931206
"(10.013034527594062, 105.81351566685709)",Non Rice,0.00333358533680439,0.014711875468492508
"(10.012580298764401, 105.81351566685709)",Non Rice,0.004966282285749912,0.009671725332736969
"(10.012126069934741, 105.81351566685709)",Non Rice,0.00648060766980052,0.016739867627620697
"(10.01167184110508, 105.81351566685709)",Non Rice,0.005327112041413784,0.021779168397188187
"(10.009400696956781, 105.67088781435012)",Non Rice,0.04930323734879494,0.38280579447746277
"(10.0103091546161, 105.67134204317975)",Non Rice,0.08282337337732315,0.30696403980255127
"(10.009854925786442, 105.67134204317975)",Non Rice,0.03493303060531616,0.24427632987499237
"(10.009400696956781, 105.67134204317975)",Non Rice,0.08053269237279892,0.21651341021060944
"(10.008946468127121, 105.67134204317975)",Non Rice,0.06891287863254547,0.2938849627971649
"(10.010763383445761, 105.6717962720094)",Non Rice,0.07659351080656052,0.1919604241847992
"(10.0103091546161, 105.6717962720094)",Non Rice,0.03315536677837372,0.07033038139343262
"(10.009854925786442, 105.6717962720094)",Non Rice,0.04110470041632652,0.22870269417762756
"(10.009400696956781, 105.6717962720094)",Non Rice,0.055925775319337845,0.2645460069179535
"(10.008946468127121, 105.6717962720094)",Non Rice,0.06094750761985779,0.28291311860084534
"(10.00849223929746, 105.6717962720094)",Non Rice,0.03974295035004616,0.4020404517650604
"(10.01167184110508, 105.67225050083903)",Non Rice,0.08285453170537949,0.3733724355697632
"(10.011217612275422, 105.67225050083903)",Non Rice,0.04722042754292488,0.24381966888904572
"(10.010763383445761, 105.67225050083903)",Non Rice,0.06285332143306732,0.0940646231174469
"(10.0103091546161, 105.67225050083903)",Non Rice,0.08779401332139969,0.22528454661369324
"(10.009854925786442, 105.67225050083903)",Non Rice,0.032613497227430344,0.3971973955631256
"(10.009400696956781, 105.67225050083903)",Non Rice,0.02725851535797119,0.26148518919944763
"(10.008946468127121, 105.67225050083903)",Non Rice,0.042443081736564636,0.2433748096227646
"(10.00849223929746, 105.67225050083903)",Non Rice,0.08714485913515091,0.1504405438899994
"(10.008038010467802, 105.67225050083903)",Non Rice,0.0451321117579937,0.23552212119102478
"(10.012580298764401, 105.67270472966868)",Non Rice,0.09577538073062897,0.39578959345817566
"(10.012126069934741, 105.67270472966868)",Non Rice,0.08243952691555023,0.17022235691547394
"(10.01167184110508, 105.67270472966868)",Non Rice,0.059124160557985306,0.2738809287548065
"(10.011217612275422, 105.67270472966868)",Non Rice,0.12115006893873215,0.2812339961528778
"(10.010763383445761, 105.67270472966868)",Non Rice,0.050015874207019806,0.47524601221084595
"(10.0103091546161, 105.67270472966868)",Non Rice,0.08699256181716919,0.24478957056999207
"(10.009854925786442, 105.67270472966868)",Non Rice,0.06360568106174469,0.27621397376060486
"(10.009400696956781, 105.67270472966868)",Non Rice,0.034320756793022156,0.2944066822528839
"(10.008946468127121, 105.67270472966868)",Non Rice,0.05451434478163719,0.3747672140598297
"(10.00849223929746, 105.67270472966868)",Non Rice,0.09747835993766785,0.3394375443458557
"(10.008038010467802, 105.67270472966868)",Non Rice,0.09700269997119904,0.13449767231941223
"(10.007583781638141, 105.67270472966868)",Non Rice,0.10217829793691635,0.1742302030324936
"(10.013034527594062, 105.6731589584983)",Non Rice,0.03597116470336914,0.210377499461174
"(10.012580298764401, 105.6731589584983)",Non Rice,0.024388374760746956,0.4722433090209961
"(10.012126069934741, 105.6731589584983)",Non Rice,0.0897713452577591,0.20590437948703766
"(10.01167184110508, 105.6731589584983)",Non Rice,0.05641917511820793,0.18235695362091064
"(10.011217612275422, 105.6731589584983)",Non Rice,0.05679026246070862,0.16526493430137634
"(10.010763383445761, 105.6731589584983)",Non Rice,0.049279745668172836,0.2475137859582901
"(10.0103091546161, 105.6731589584983)",Non Rice,0.03998341038823128,0.176730215549469
"(10.009854925786442, 105.6731589584983)",Non Rice,0.07636847347021103,0.3525735139846802
"(10.009400696956781, 105.6731589584983)",Non Rice,0.04959816485643387,0.2654915153980255
"(10.008946468127121, 105.6731589584983)",Non Rice,0.04534152150154114,0.2111242264509201
"(10.00849223929746, 105.6731589584983)",Non Rice,0.11346473544836044,0.1744002401828766
"(10.008038010467802, 105.6731589584983)",Non Rice,0.032607752829790115,0.17120100557804108
"(10.007583781638141, 105.6731589584983)",Non Rice,0.04110826551914215,0.23562651872634888
"(10.013942985253381, 105.67361318732796)",Non Rice,0.04275605082511902,0.16827376186847687
"(10.01348875642372, 105.67361318732796)",Non Rice,0.028708521276712418,0.2998279333114624
"(10.013034527594062, 105.67361318732796)",Non Rice,0.07697571814060211,0.4608023166656494
"(10.012580298764401, 105.67361318732796)",Non Rice,0.1530347615480423,0.4289983808994293
"(10.012126069934741, 105.67361318732796)",Non Rice,0.05405574291944504,0.17598485946655273
